<annotation><size><width>960</width><height>540</height><depth>3</depth></size><object><name>car</name><bndbox><xmin>356</xmin><ymin>254</ymin><xmax>486</xmax><ymax>377</ymax></bndbox></object><object><name>car</name><bndbox><xmin>675</xmin><ymin>284</ymin><xmax>819</xmax><ymax>418</ymax></bndbox></object><object><name>car</name><bndbox><xmin>456</xmin><ymin>400</ymin><xmax>590</xmax><ymax>513</ymax></bndbox></object><object><name>car</name><bndbox><xmin>216</xmin><ymin>134</ymin><xmax>294</xmax><ymax>195</ymax></bndbox></object></annotation>