<annotation><size><width>960</width><height>540</height><depth>3</depth></size><object><name>car</name><bndbox><xmin>607</xmin><ymin>221</ymin><xmax>730</xmax><ymax>328</ymax></bndbox></object><object><name>car</name><bndbox><xmin>795</xmin><ymin>373</ymin><xmax>957</xmax><ymax>504</ymax></bndbox></object><object><name>car</name><bndbox><xmin>386</xmin><ymin>313</ymin><xmax>523</xmax><ymax>430</ymax></bndbox></object><object><name>car</name><bndbox><xmin>414</xmin><ymin>135</ymin><xmax>511</xmax><ymax>222</ymax></bndbox></object><object><name>car</name><bndbox><xmin>221</xmin><ymin>127</ymin><xmax>318</xmax><ymax>204</ymax></bndbox></object><object><name>car</name><bndbox><xmin>542</xmin><ymin>461</ymin><xmax>667</xmax><ymax>533</ymax></bndbox></object><object><name>car</name><bndbox><xmin>276</xmin><ymin>117</ymin><xmax>352</xmax><ymax>169</ymax></bndbox></object><object><name>car</name><bndbox><xmin>161</xmin><ymin>132</ymin><xmax>232</xmax><ymax>187</ymax></bndbox></object></annotation>