<annotation><size><width>960</width><height>540</height><depth>3</depth></size><object><name>car</name><bndbox><xmin>623</xmin><ymin>227</ymin><xmax>739</xmax><ymax>333</ymax></bndbox></object><object><name>car</name><bndbox><xmin>337</xmin><ymin>221</ymin><xmax>473</xmax><ymax>329</ymax></bndbox></object><object><name>car</name><bndbox><xmin>349</xmin><ymin>113</ymin><xmax>427</xmax><ymax>186</ymax></bndbox></object><object><name>car</name><bndbox><xmin>312</xmin><ymin>159</ymin><xmax>411</xmax><ymax>284</ymax></bndbox></object></annotation>