<annotation><size><width>960</width><height>540</height><depth>3</depth></size><object><name>car</name><bndbox><xmin>325</xmin><ymin>204</ymin><xmax>432</xmax><ymax>308</ymax></bndbox></object><object><name>car</name><bndbox><xmin>713</xmin><ymin>285</ymin><xmax>831</xmax><ymax>404</ymax></bndbox></object><object><name>car</name><bndbox><xmin>591</xmin><ymin>172</ymin><xmax>708</xmax><ymax>287</ymax></bndbox></object><object><name>car</name><bndbox><xmin>240</xmin><ymin>129</ymin><xmax>328</xmax><ymax>211</ymax></bndbox></object><object><name>car</name><bndbox><xmin>358</xmin><ymin>117</ymin><xmax>425</xmax><ymax>188</ymax></bndbox></object></annotation>