<annotation><size><width>960</width><height>540</height><depth>3</depth></size><object><name>car</name><bndbox><xmin>459</xmin><ymin>297</ymin><xmax>612</xmax><ymax>420</ymax></bndbox></object><object><name>car</name><bndbox><xmin>590</xmin><ymin>222</ymin><xmax>718</xmax><ymax>328</ymax></bndbox></object><object><name>car</name><bndbox><xmin>392</xmin><ymin>143</ymin><xmax>481</xmax><ymax>221</ymax></bndbox></object><object><name>car</name><bndbox><xmin>258</xmin><ymin>132</ymin><xmax>319</xmax><ymax>188</ymax></bndbox></object></annotation>