<annotation><size><width>960</width><height>540</height><depth>3</depth></size><object><name>car</name><bndbox><xmin>360</xmin><ymin>240</ymin><xmax>489</xmax><ymax>350</ymax></bndbox></object><object><name>car</name><bndbox><xmin>606</xmin><ymin>225</ymin><xmax>723</xmax><ymax>325</ymax></bndbox></object><object><name>car</name><bndbox><xmin>286</xmin><ymin>174</ymin><xmax>396</xmax><ymax>261</ymax></bndbox></object><object><name>car</name><bndbox><xmin>481</xmin><ymin>161</ymin><xmax>573</xmax><ymax>239</ymax></bndbox></object><object><name>car</name><bndbox><xmin>243</xmin><ymin>133</ymin><xmax>311</xmax><ymax>174</ymax></bndbox></object></annotation>