<annotation><size><width>960</width><height>540</height><depth>3</depth></size><object><name>car</name><bndbox><xmin>373</xmin><ymin>115</ymin><xmax>465</xmax><ymax>210</ymax></bndbox></object><object><name>car</name><bndbox><xmin>389</xmin><ymin>301</ymin><xmax>531</xmax><ymax>422</ymax></bndbox></object><object><name>car</name><bndbox><xmin>343</xmin><ymin>225</ymin><xmax>455</xmax><ymax>318</ymax></bndbox></object><object><name>car</name><bndbox><xmin>748</xmin><ymin>306</ymin><xmax>867</xmax><ymax>428</ymax></bndbox></object></annotation>