<annotation><size><width>960</width><height>540</height><depth>3</depth></size><object><name>car</name><bndbox><xmin>481</xmin><ymin>161</ymin><xmax>583</xmax><ymax>239</ymax></bndbox></object><object><name>car</name><bndbox><xmin>255</xmin><ymin>156</ymin><xmax>355</xmax><ymax>245</ymax></bndbox></object><object><name>car</name><bndbox><xmin>147</xmin><ymin>130</ymin><xmax>204</xmax><ymax>190</ymax></bndbox></object><object><name>car</name><bndbox><xmin>391</xmin><ymin>127</ymin><xmax>473</xmax><ymax>199</ymax></bndbox></object></annotation>