<annotation><size><width>960</width><height>540</height><depth>3</depth></size><object><name>car</name><bndbox><xmin>197</xmin><ymin>124</ymin><xmax>271</xmax><ymax>191</ymax></bndbox></object><object><name>car</name><bndbox><xmin>330</xmin><ymin>221</ymin><xmax>449</xmax><ymax>333</ymax></bndbox></object><object><name>car</name><bndbox><xmin>628</xmin><ymin>242</ymin><xmax>747</xmax><ymax>355</ymax></bndbox></object><object><name>car</name><bndbox><xmin>421</xmin><ymin>324</ymin><xmax>540</xmax><ymax>441</ymax></bndbox></object><object><name>car</name><bndbox><xmin>460</xmin><ymin>409</ymin><xmax>605</xmax><ymax>538</ymax></bndbox></object></annotation>