<annotation><size><width>960</width><height>540</height><depth>3</depth></size><object><name>car</name><bndbox><xmin>134</xmin><ymin>141</ymin><xmax>189</xmax><ymax>182</ymax></bndbox></object><object><name>car</name><bndbox><xmin>272</xmin><ymin>134</ymin><xmax>333</xmax><ymax>180</ymax></bndbox></object><object><name>car</name><bndbox><xmin>431</xmin><ymin>153</ymin><xmax>525</xmax><ymax>232</ymax></bndbox></object><object><name>car</name><bndbox><xmin>649</xmin><ymin>267</ymin><xmax>787</xmax><ymax>376</ymax></bndbox></object><object><name>car</name><bndbox><xmin>544</xmin><ymin>378</ymin><xmax>713</xmax><ymax>515</ymax></bndbox></object></annotation>